<?xml version="1.0" encoding="UTF-8"?>
<annotation>
  <filename> (1390)_1390.jpg</filename>
  <size>
    <width>368</width>
    <height>368</height>
    <depth>3</depth>
  </size>
  <segmented>0</segmented>
  <object>
    <name>Cola</name>
    <truncated>0</truncated>
    <difficult>0</difficult>
    <occluded>0</occluded>
    <bndbox>
      <xmin>11</xmin>
      <ymin>114</ymin>
      <xmax>58</xmax>
      <ymax>199</ymax>
    </bndbox>
  </object>
  <object>
    <name>LockLock</name>
    <truncated>0</truncated>
    <difficult>0</difficult>
    <occluded>0</occluded>
    <bndbox>
      <xmin>258</xmin>
      <ymin>105</ymin>
      <xmax>366</xmax>
      <ymax>214</ymax>
    </bndbox>
  </object>
</annotation>