{
  "anchors": [
    0.97,
    1.66,
    5.81,
    2.75,
    1.53,
    2.66,
    4.97,
    2.34,
    1.28,
    2.19
  ],
  "inputs": {
    "input0": [
      224,
      224,
      3
    ]
  },
  "outputs": {
    "output0": [
      7,
      7,
      35
    ]
  },
  "params_quantity": 13469515,
  "loss": [
    [
      1,
      5.56447
    ],
    [
      2,
      2.80576
    ],
    [
      3,
      2.52911
    ],
    [
      4,
      2.41936
    ],
    [
      5,
      2.3501
    ],
    [
      6,
      2.30302
    ],
    [
      7,
      2.27951
    ],
    [
      8,
      2.25618
    ],
    [
      9,
      2.24107
    ],
    [
      10,
      2.23458
    ],
    [
      11,
      2.22297
    ],
    [
      12,
      2.21728
    ],
    [
      13,
      2.21132
    ],
    [
      14,
      2.21054
    ],
    [
      15,
      2.20919
    ],
    [
      16,
      2.20641
    ],
    [
      17,
      2.20425
    ],
    [
      18,
      2.20114
    ],
    [
      19,
      2.20015
    ],
    [
      20,
      2.19929
    ],
    [
      21,
      2.19859
    ],
    [
      22,
      2.19804
    ],
    [
      23,
      2.19565
    ],
    [
      24,
      2.19647
    ],
    [
      25,
      2.19364
    ],
    [
      26,
      2.19293
    ],
    [
      27,
      2.19541
    ],
    [
      28,
      2.19278
    ],
    [
      29,
      2.19458
    ],
    [
      30,
      2.1938
    ],
    [
      31,
      2.191
    ],
    [
      32,
      2.1921
    ],
    [
      33,
      2.19139
    ],
    [
      34,
      2.18975
    ],
    [
      35,
      2.18868
    ],
    [
      36,
      2.19023
    ],
    [
      37,
      2.19074
    ],
    [
      38,
      2.18878
    ],
    [
      39,
      2.18755
    ],
    [
      40,
      2.1898
    ],
    [
      41,
      2.18949
    ],
    [
      42,
      2.18689
    ],
    [
      43,
      2.19054
    ],
    [
      44,
      2.18844
    ],
    [
      45,
      2.18865
    ],
    [
      46,
      2.18868
    ],
    [
      47,
      2.189
    ],
    [
      48,
      2.18596
    ],
    [
      49,
      2.18607
    ],
    [
      50,
      2.18488
    ],
    [
      51,
      2.18698
    ],
    [
      52,
      2.18505
    ],
    [
      53,
      2.18455
    ],
    [
      54,
      2.18686
    ],
    [
      55,
      2.18468
    ],
    [
      56,
      2.1845
    ],
    [
      57,
      2.18537
    ],
    [
      58,
      2.1873
    ],
    [
      59,
      2.18598
    ],
    [
      60,
      2.18513
    ],
    [
      61,
      2.18498
    ],
    [
      62,
      2.18505
    ],
    [
      63,
      2.18408
    ],
    [
      64,
      2.1848
    ],
    [
      65,
      2.18354
    ],
    [
      66,
      2.18312
    ],
    [
      67,
      2.18517
    ],
    [
      68,
      2.183
    ],
    [
      69,
      2.18501
    ],
    [
      70,
      2.1856
    ],
    [
      71,
      2.18483
    ],
    [
      72,
      2.18631
    ],
    [
      73,
      2.18341
    ],
    [
      74,
      2.18474
    ],
    [
      75,
      2.18558
    ],
    [
      76,
      2.18543
    ],
    [
      77,
      2.1836
    ],
    [
      78,
      2.18601
    ],
    [
      79,
      2.18239
    ],
    [
      80,
      2.1838
    ],
    [
      81,
      2.18266
    ],
    [
      82,
      2.18315
    ],
    [
      83,
      2.18513
    ],
    [
      84,
      2.184
    ],
    [
      85,
      2.18461
    ],
    [
      86,
      2.18316
    ],
    [
      87,
      2.18373
    ],
    [
      88,
      2.18274
    ],
    [
      89,
      2.18338
    ],
    [
      90,
      2.18323
    ],
    [
      91,
      2.18175
    ],
    [
      92,
      2.18193
    ],
    [
      93,
      2.18269
    ],
    [
      94,
      2.18371
    ],
    [
      95,
      2.18142
    ],
    [
      96,
      2.18458
    ],
    [
      97,
      2.18241
    ],
    [
      98,
      2.18102
    ],
    [
      99,
      2.18182
    ],
    [
      100,
      2.18389
    ],
    [
      101,
      2.18215
    ],
    [
      102,
      2.18344
    ],
    [
      103,
      2.18235
    ],
    [
      104,
      2.1854
    ],
    [
      105,
      2.18286
    ],
    [
      106,
      2.18331
    ],
    [
      107,
      2.18234
    ],
    [
      108,
      2.18099
    ],
    [
      109,
      2.18213
    ],
    [
      110,
      2.18425
    ],
    [
      111,
      2.18138
    ],
    [
      112,
      2.18196
    ],
    [
      113,
      2.18216
    ],
    [
      114,
      2.18523
    ],
    [
      115,
      2.18186
    ],
    [
      116,
      2.18059
    ],
    [
      117,
      2.18394
    ],
    [
      118,
      2.18239
    ],
    [
      119,
      2.18188
    ],
    [
      120,
      2.18237
    ],
    [
      121,
      2.18153
    ],
    [
      122,
      2.18318
    ],
    [
      123,
      2.18138
    ],
    [
      124,
      2.18254
    ],
    [
      125,
      2.18362
    ],
    [
      126,
      2.18266
    ],
    [
      127,
      2.18125
    ],
    [
      128,
      2.18219
    ],
    [
      129,
      2.18169
    ],
    [
      130,
      2.18211
    ],
    [
      131,
      2.18228
    ],
    [
      132,
      2.18155
    ],
    [
      133,
      2.18054
    ],
    [
      134,
      2.17984
    ],
    [
      135,
      2.1811
    ],
    [
      136,
      2.18189
    ],
    [
      137,
      2.18337
    ],
    [
      138,
      2.18297
    ],
    [
      139,
      2.18327
    ],
    [
      140,
      2.1824
    ],
    [
      141,
      2.18316
    ],
    [
      142,
      2.18297
    ],
    [
      143,
      2.18201
    ],
    [
      144,
      2.18043
    ],
    [
      145,
      2.18235
    ],
    [
      146,
      2.18179
    ],
    [
      147,
      2.18212
    ],
    [
      148,
      2.18095
    ],
    [
      149,
      2.18094
    ],
    [
      150,
      2.18075
    ],
    [
      151,
      2.18046
    ],
    [
      152,
      2.18193
    ],
    [
      153,
      2.1816
    ],
    [
      154,
      2.18237
    ],
    [
      155,
      2.18007
    ],
    [
      156,
      2.18173
    ],
    [
      157,
      2.17962
    ],
    [
      158,
      2.18253
    ],
    [
      159,
      2.18
    ],
    [
      160,
      2.18204
    ],
    [
      161,
      2.18095
    ],
    [
      162,
      2.1813
    ],
    [
      163,
      2.18038
    ],
    [
      164,
      2.18227
    ],
    [
      165,
      2.181
    ],
    [
      166,
      2.18208
    ],
    [
      167,
      2.18178
    ],
    [
      168,
      2.18241
    ],
    [
      169,
      2.18106
    ],
    [
      170,
      2.1803
    ],
    [
      171,
      2.18054
    ],
    [
      172,
      2.18272
    ],
    [
      173,
      2.18035
    ],
    [
      174,
      2.1812
    ],
    [
      175,
      2.17975
    ],
    [
      176,
      2.18142
    ],
    [
      177,
      2.17977
    ],
    [
      178,
      2.18231
    ],
    [
      179,
      2.18213
    ],
    [
      180,
      2.18018
    ],
    [
      181,
      2.18001
    ],
    [
      182,
      2.1831
    ],
    [
      183,
      2.18159
    ],
    [
      184,
      2.17992
    ],
    [
      185,
      2.18127
    ],
    [
      186,
      2.18182
    ],
    [
      187,
      2.18146
    ],
    [
      188,
      2.18019
    ],
    [
      189,
      2.18111
    ],
    [
      190,
      2.18359
    ],
    [
      191,
      2.18067
    ],
    [
      192,
      2.18135
    ],
    [
      193,
      2.18016
    ],
    [
      194,
      2.18062
    ],
    [
      195,
      2.18139
    ],
    [
      196,
      2.1803
    ],
    [
      197,
      2.18189
    ],
    [
      198,
      2.18171
    ],
    [
      199,
      2.18039
    ],
    [
      200,
      2.17925
    ]
  ],
  "loss_conf": [
    [
      1,
      2.45656
    ],
    [
      2,
      0.40245
    ],
    [
      3,
      0.21963
    ],
    [
      4,
      0.14524
    ],
    [
      5,
      0.09652
    ],
    [
      6,
      0.06605
    ],
    [
      7,
      0.0524
    ],
    [
      8,
      0.03745
    ],
    [
      9,
      0.02683
    ],
    [
      10,
      0.02378
    ],
    [
      11,
      0.01939
    ],
    [
      12,
      0.01684
    ],
    [
      13,
      0.01481
    ],
    [
      14,
      0.01391
    ],
    [
      15,
      0.01476
    ],
    [
      16,
      0.01276
    ],
    [
      17,
      0.01269
    ],
    [
      18,
      0.01157
    ],
    [
      19,
      0.01141
    ],
    [
      20,
      0.01013
    ],
    [
      21,
      0.00994
    ],
    [
      22,
      0.01033
    ],
    [
      23,
      0.00861
    ],
    [
      24,
      0.00902
    ],
    [
      25,
      0.00839
    ],
    [
      26,
      0.00881
    ],
    [
      27,
      0.0097
    ],
    [
      28,
      0.00918
    ],
    [
      29,
      0.00914
    ],
    [
      30,
      0.00954
    ],
    [
      31,
      0.00892
    ],
    [
      32,
      0.00913
    ],
    [
      33,
      0.00885
    ],
    [
      34,
      0.00802
    ],
    [
      35,
      0.00781
    ],
    [
      36,
      0.00817
    ],
    [
      37,
      0.00733
    ],
    [
      38,
      0.0075
    ],
    [
      39,
      0.00709
    ],
    [
      40,
      0.00814
    ],
    [
      41,
      0.00802
    ],
    [
      42,
      0.0078
    ],
    [
      43,
      0.00717
    ],
    [
      44,
      0.00856
    ],
    [
      45,
      0.00779
    ],
    [
      46,
      0.00863
    ],
    [
      47,
      0.00742
    ],
    [
      48,
      0.00672
    ],
    [
      49,
      0.00672
    ],
    [
      50,
      0.0067
    ],
    [
      51,
      0.00628
    ],
    [
      52,
      0.00627
    ],
    [
      53,
      0.00602
    ],
    [
      54,
      0.00635
    ],
    [
      55,
      0.00637
    ],
    [
      56,
      0.00666
    ],
    [
      57,
      0.00712
    ],
    [
      58,
      0.00687
    ],
    [
      59,
      0.00762
    ],
    [
      60,
      0.00716
    ],
    [
      61,
      0.00671
    ],
    [
      62,
      0.00675
    ],
    [
      63,
      0.00643
    ],
    [
      64,
      0.00693
    ],
    [
      65,
      0.00653
    ],
    [
      66,
      0.0063
    ],
    [
      67,
      0.00665
    ],
    [
      68,
      0.00652
    ],
    [
      69,
      0.00726
    ],
    [
      70,
      0.00693
    ],
    [
      71,
      0.00649
    ],
    [
      72,
      0.00606
    ],
    [
      73,
      0.00584
    ],
    [
      74,
      0.00587
    ],
    [
      75,
      0.00637
    ],
    [
      76,
      0.00628
    ],
    [
      77,
      0.00616
    ],
    [
      78,
      0.00647
    ],
    [
      79,
      0.00607
    ],
    [
      80,
      0.00621
    ],
    [
      81,
      0.00658
    ],
    [
      82,
      0.00615
    ],
    [
      83,
      0.00675
    ],
    [
      84,
      0.00604
    ],
    [
      85,
      0.00604
    ],
    [
      86,
      0.00552
    ],
    [
      87,
      0.00556
    ],
    [
      88,
      0.00577
    ],
    [
      89,
      0.00583
    ],
    [
      90,
      0.00575
    ],
    [
      91,
      0.00567
    ],
    [
      92,
      0.00577
    ],
    [
      93,
      0.00614
    ],
    [
      94,
      0.00574
    ],
    [
      95,
      0.0057
    ],
    [
      96,
      0.006
    ],
    [
      97,
      0.0063
    ],
    [
      98,
      0.00578
    ],
    [
      99,
      0.00578
    ],
    [
      100,
      0.00604
    ],
    [
      101,
      0.00585
    ],
    [
      102,
      0.00608
    ],
    [
      103,
      0.00561
    ],
    [
      104,
      0.00545
    ],
    [
      105,
      0.00509
    ],
    [
      106,
      0.00461
    ],
    [
      107,
      0.00479
    ],
    [
      108,
      0.00508
    ],
    [
      109,
      0.00514
    ],
    [
      110,
      0.00509
    ],
    [
      111,
      0.00508
    ],
    [
      112,
      0.00544
    ],
    [
      113,
      0.00584
    ],
    [
      114,
      0.00645
    ],
    [
      115,
      0.00533
    ],
    [
      116,
      0.00547
    ],
    [
      117,
      0.0052
    ],
    [
      118,
      0.00532
    ],
    [
      119,
      0.00532
    ],
    [
      120,
      0.00551
    ],
    [
      121,
      0.00575
    ],
    [
      122,
      0.0054
    ],
    [
      123,
      0.00543
    ],
    [
      124,
      0.0059
    ],
    [
      125,
      0.00601
    ],
    [
      126,
      0.00619
    ],
    [
      127,
      0.00635
    ],
    [
      128,
      0.00568
    ],
    [
      129,
      0.00572
    ],
    [
      130,
      0.00581
    ],
    [
      131,
      0.00559
    ],
    [
      132,
      0.00552
    ],
    [
      133,
      0.00519
    ],
    [
      134,
      0.00515
    ],
    [
      135,
      0.00513
    ],
    [
      136,
      0.00601
    ],
    [
      137,
      0.00581
    ],
    [
      138,
      0.00567
    ],
    [
      139,
      0.00576
    ],
    [
      140,
      0.00613
    ],
    [
      141,
      0.00625
    ],
    [
      142,
      0.00591
    ],
    [
      143,
      0.00572
    ],
    [
      144,
      0.00566
    ],
    [
      145,
      0.00581
    ],
    [
      146,
      0.00595
    ],
    [
      147,
      0.00573
    ],
    [
      148,
      0.00549
    ],
    [
      149,
      0.00544
    ],
    [
      150,
      0.00546
    ],
    [
      151,
      0.00557
    ],
    [
      152,
      0.00562
    ],
    [
      153,
      0.0057
    ],
    [
      154,
      0.00529
    ],
    [
      155,
      0.00506
    ],
    [
      156,
      0.00551
    ],
    [
      157,
      0.00565
    ],
    [
      158,
      0.00538
    ],
    [
      159,
      0.00544
    ],
    [
      160,
      0.00562
    ],
    [
      161,
      0.0058
    ],
    [
      162,
      0.00571
    ],
    [
      163,
      0.00601
    ],
    [
      164,
      0.00602
    ],
    [
      165,
      0.00549
    ],
    [
      166,
      0.00514
    ],
    [
      167,
      0.00542
    ],
    [
      168,
      0.00577
    ],
    [
      169,
      0.00538
    ],
    [
      170,
      0.00476
    ],
    [
      171,
      0.0047
    ],
    [
      172,
      0.00496
    ],
    [
      173,
      0.00476
    ],
    [
      174,
      0.00478
    ],
    [
      175,
      0.00499
    ],
    [
      176,
      0.0051
    ],
    [
      177,
      0.00509
    ],
    [
      178,
      0.00561
    ],
    [
      179,
      0.00576
    ],
    [
      180,
      0.0055
    ],
    [
      181,
      0.00526
    ],
    [
      182,
      0.00537
    ],
    [
      183,
      0.00584
    ],
    [
      184,
      0.0056
    ],
    [
      185,
      0.00557
    ],
    [
      186,
      0.00572
    ],
    [
      187,
      0.00586
    ],
    [
      188,
      0.00561
    ],
    [
      189,
      0.00587
    ],
    [
      190,
      0.00566
    ],
    [
      191,
      0.00551
    ],
    [
      192,
      0.00555
    ],
    [
      193,
      0.00567
    ],
    [
      194,
      0.00565
    ],
    [
      195,
      0.00551
    ],
    [
      196,
      0.0054
    ],
    [
      197,
      0.0057
    ],
    [
      198,
      0.00576
    ],
    [
      199,
      0.00562
    ],
    [
      200,
      0.00568
    ]
  ],
  "loss_pos": [
    [
      1,
      2.96103
    ],
    [
      2,
      2.37586
    ],
    [
      3,
      2.29581
    ],
    [
      4,
      2.26384
    ],
    [
      5,
      2.24501
    ],
    [
      6,
      2.23026
    ],
    [
      7,
      2.22173
    ],
    [
      8,
      2.21443
    ],
    [
      9,
      2.2108
    ],
    [
      10,
      2.20819
    ],
    [
      11,
      2.20128
    ],
    [
      12,
      2.1984
    ],
    [
      13,
      2.19499
    ],
    [
      14,
      2.19535
    ],
    [
      15,
      2.19321
    ],
    [
      16,
      2.19252
    ],
    [
      17,
      2.1906
    ],
    [
      18,
      2.18867
    ],
    [
      19,
      2.18793
    ],
    [
      20,
      2.1884
    ],
    [
      21,
      2.18795
    ],
    [
      22,
      2.18703
    ],
    [
      23,
      2.18638
    ],
    [
      24,
      2.18684
    ],
    [
      25,
      2.18471
    ],
    [
      26,
      2.1836
    ],
    [
      27,
      2.18521
    ],
    [
      28,
      2.18313
    ],
    [
      29,
      2.185
    ],
    [
      30,
      2.18382
    ],
    [
      31,
      2.18166
    ],
    [
      32,
      2.18251
    ],
    [
      33,
      2.18214
    ],
    [
      34,
      2.18135
    ],
    [
      35,
      2.18051
    ],
    [
      36,
      2.18171
    ],
    [
      37,
      2.18309
    ],
    [
      38,
      2.18095
    ],
    [
      39,
      2.18015
    ],
    [
      40,
      2.18136
    ],
    [
      41,
      2.18116
    ],
    [
      42,
      2.1788
    ],
    [
      43,
      2.18308
    ],
    [
      44,
      2.1796
    ],
    [
      45,
      2.18059
    ],
    [
      46,
      2.17978
    ],
    [
      47,
      2.18132
    ],
    [
      48,
      2.179
    ],
    [
      49,
      2.17911
    ],
    [
      50,
      2.17792
    ],
    [
      51,
      2.18047
    ],
    [
      52,
      2.17854
    ],
    [
      53,
      2.17831
    ],
    [
      54,
      2.18028
    ],
    [
      55,
      2.17809
    ],
    [
      56,
      2.17762
    ],
    [
      57,
      2.17802
    ],
    [
      58,
      2.18021
    ],
    [
      59,
      2.17814
    ],
    [
      60,
      2.17777
    ],
    [
      61,
      2.17806
    ],
    [
      62,
      2.17811
    ],
    [
      63,
      2.17745
    ],
    [
      64,
      2.17769
    ],
    [
      65,
      2.1768
    ],
    [
      66,
      2.17665
    ],
    [
      67,
      2.17834
    ],
    [
      68,
      2.1763
    ],
    [
      69,
      2.17757
    ],
    [
      70,
      2.17849
    ],
    [
      71,
      2.17817
    ],
    [
      72,
      2.18008
    ],
    [
      73,
      2.17739
    ],
    [
      74,
      2.17869
    ],
    [
      75,
      2.17904
    ],
    [
      76,
      2.17899
    ],
    [
      77,
      2.17728
    ],
    [
      78,
      2.17939
    ],
    [
      79,
      2.17617
    ],
    [
      80,
      2.17744
    ],
    [
      81,
      2.17593
    ],
    [
      82,
      2.17686
    ],
    [
      83,
      2.17823
    ],
    [
      84,
      2.17781
    ],
    [
      85,
      2.17843
    ],
    [
      86,
      2.17751
    ],
    [
      87,
      2.17803
    ],
    [
      88,
      2.17683
    ],
    [
      89,
      2.17741
    ],
    [
      90,
      2.17734
    ],
    [
      91,
      2.17594
    ],
    [
      92,
      2.17602
    ],
    [
      93,
      2.17641
    ],
    [
      94,
      2.17784
    ],
    [
      95,
      2.17558
    ],
    [
      96,
      2.17845
    ],
    [
      97,
      2.17597
    ],
    [
      98,
      2.17511
    ],
    [
      99,
      2.17592
    ],
    [
      100,
      2.17772
    ],
    [
      101,
      2.17618
    ],
    [
      102,
      2.17723
    ],
    [
      103,
      2.17662
    ],
    [
      104,
      2.17982
    ],
    [
      105,
      2.17765
    ],
    [
      106,
      2.17859
    ],
    [
      107,
      2.17743
    ],
    [
      108,
      2.1758
    ],
    [
      109,
      2.17687
    ],
    [
      110,
      2.17904
    ],
    [
      111,
      2.17619
    ],
    [
      112,
      2.1764
    ],
    [
      113,
      2.1762
    ],
    [
      114,
      2.17865
    ],
    [
      115,
      2.17642
    ],
    [
      116,
      2.17501
    ],
    [
      117,
      2.17863
    ],
    [
      118,
      2.17696
    ],
    [
      119,
      2.17645
    ],
    [
      120,
      2.17676
    ],
    [
      121,
      2.17567
    ],
    [
      122,
      2.17767
    ],
    [
      123,
      2.17585
    ],
    [
      124,
      2.17654
    ],
    [
      125,
      2.17751
    ],
    [
      126,
      2.17636
    ],
    [
      127,
      2.17478
    ],
    [
      128,
      2.17641
    ],
    [
      129,
      2.17587
    ],
    [
      130,
      2.17621
    ],
    [
      131,
      2.17658
    ],
    [
      132,
      2.17593
    ],
    [
      133,
      2.17525
    ],
    [
      134,
      2.17459
    ],
    [
      135,
      2.17586
    ],
    [
      136,
      2.17578
    ],
    [
      137,
      2.17746
    ],
    [
      138,
      2.1772
    ],
    [
      139,
      2.17742
    ],
    [
      140,
      2.17617
    ],
    [
      141,
      2.17681
    ],
    [
      142,
      2.17698
    ],
    [
      143,
      2.17619
    ],
    [
      144,
      2.17467
    ],
    [
      145,
      2.17644
    ],
    [
      146,
      2.17575
    ],
    [
      147,
      2.1763
    ],
    [
      148,
      2.17537
    ],
    [
      149,
      2.17541
    ],
    [
      150,
      2.1752
    ],
    [
      151,
      2.17481
    ],
    [
      152,
      2.17622
    ],
    [
      153,
      2.17581
    ],
    [
      154,
      2.17699
    ],
    [
      155,
      2.17493
    ],
    [
      156,
      2.17613
    ],
    [
      157,
      2.17389
    ],
    [
      158,
      2.17707
    ],
    [
      159,
      2.17448
    ],
    [
      160,
      2.17634
    ],
    [
      161,
      2.17507
    ],
    [
      162,
      2.17551
    ],
    [
      163,
      2.17428
    ],
    [
      164,
      2.17616
    ],
    [
      165,
      2.17543
    ],
    [
      166,
      2.17685
    ],
    [
      167,
      2.17627
    ],
    [
      168,
      2.17656
    ],
    [
      169,
      2.1756
    ],
    [
      170,
      2.17546
    ],
    [
      171,
      2.17576
    ],
    [
      172,
      2.17768
    ],
    [
      173,
      2.1755
    ],
    [
      174,
      2.17634
    ],
    [
      175,
      2.17468
    ],
    [
      176,
      2.17624
    ],
    [
      177,
      2.1746
    ],
    [
      178,
      2.17663
    ],
    [
      179,
      2.1763
    ],
    [
      180,
      2.1746
    ],
    [
      181,
      2.17466
    ],
    [
      182,
      2.17765
    ],
    [
      183,
      2.17567
    ],
    [
      184,
      2.17424
    ],
    [
      185,
      2.17562
    ],
    [
      186,
      2.17601
    ],
    [
      187,
      2.17553
    ],
    [
      188,
      2.1745
    ],
    [
      189,
      2.17517
    ],
    [
      190,
      2.17785
    ],
    [
      191,
      2.17508
    ],
    [
      192,
      2.17573
    ],
    [
      193,
      2.17442
    ],
    [
      194,
      2.17489
    ],
    [
      195,
      2.17581
    ],
    [
      196,
      2.17483
    ],
    [
      197,
      2.17612
    ],
    [
      198,
      2.17588
    ],
    [
      199,
      2.1747
    ],
    [
      200,
      2.1735
    ]
  ],
  "loss_class": [
    [
      1,
      0.14689
    ],
    [
      2,
      0.02745
    ],
    [
      3,
      0.01367
    ],
    [
      4,
      0.01028
    ],
    [
      5,
      0.00857
    ],
    [
      6,
      0.0067
    ],
    [
      7,
      0.00538
    ],
    [
      8,
      0.0043
    ],
    [
      9,
      0.00344
    ],
    [
      10,
      0.00261
    ],
    [
      11,
      0.0023
    ],
    [
      12,
      0.00204
    ],
    [
      13,
      0.00153
    ],
    [
      14,
      0.00128
    ],
    [
      15,
      0.00122
    ],
    [
      16,
      0.00114
    ],
    [
      17,
      0.00096
    ],
    [
      18,
      0.0009
    ],
    [
      19,
      0.00081
    ],
    [
      20,
      0.00076
    ],
    [
      21,
      0.0007
    ],
    [
      22,
      0.00068
    ],
    [
      23,
      0.00066
    ],
    [
      24,
      0.00061
    ],
    [
      25,
      0.00053
    ],
    [
      26,
      0.00053
    ],
    [
      27,
      0.0005
    ],
    [
      28,
      0.00046
    ],
    [
      29,
      0.00044
    ],
    [
      30,
      0.00044
    ],
    [
      31,
      0.00042
    ],
    [
      32,
      0.00046
    ],
    [
      33,
      0.0004
    ],
    [
      34,
      0.00038
    ],
    [
      35,
      0.00036
    ],
    [
      36,
      0.00035
    ],
    [
      37,
      0.00033
    ],
    [
      38,
      0.00033
    ],
    [
      39,
      0.00031
    ],
    [
      40,
      0.0003
    ],
    [
      41,
      0.0003
    ],
    [
      42,
      0.00029
    ],
    [
      43,
      0.00028
    ],
    [
      44,
      0.00027
    ],
    [
      45,
      0.00027
    ],
    [
      46,
      0.00026
    ],
    [
      47,
      0.00026
    ],
    [
      48,
      0.00025
    ],
    [
      49,
      0.00024
    ],
    [
      50,
      0.00026
    ],
    [
      51,
      0.00023
    ],
    [
      52,
      0.00024
    ],
    [
      53,
      0.00021
    ],
    [
      54,
      0.00022
    ],
    [
      55,
      0.00022
    ],
    [
      56,
      0.00022
    ],
    [
      57,
      0.00023
    ],
    [
      58,
      0.00021
    ],
    [
      59,
      0.00022
    ],
    [
      60,
      0.00021
    ],
    [
      61,
      0.0002
    ],
    [
      62,
      0.00019
    ],
    [
      63,
      0.0002
    ],
    [
      64,
      0.00019
    ],
    [
      65,
      0.0002
    ],
    [
      66,
      0.00017
    ],
    [
      67,
      0.00018
    ],
    [
      68,
      0.00019
    ],
    [
      69,
      0.00018
    ],
    [
      70,
      0.00018
    ],
    [
      71,
      0.00017
    ],
    [
      72,
      0.00017
    ],
    [
      73,
      0.00017
    ],
    [
      74,
      0.00017
    ],
    [
      75,
      0.00017
    ],
    [
      76,
      0.00015
    ],
    [
      77,
      0.00016
    ],
    [
      78,
      0.00016
    ],
    [
      79,
      0.00015
    ],
    [
      80,
      0.00015
    ],
    [
      81,
      0.00015
    ],
    [
      82,
      0.00014
    ],
    [
      83,
      0.00015
    ],
    [
      84,
      0.00015
    ],
    [
      85,
      0.00015
    ],
    [
      86,
      0.00014
    ],
    [
      87,
      0.00014
    ],
    [
      88,
      0.00014
    ],
    [
      89,
      0.00013
    ],
    [
      90,
      0.00014
    ],
    [
      91,
      0.00014
    ],
    [
      92,
      0.00013
    ],
    [
      93,
      0.00014
    ],
    [
      94,
      0.00014
    ],
    [
      95,
      0.00013
    ],
    [
      96,
      0.00013
    ],
    [
      97,
      0.00013
    ],
    [
      98,
      0.00013
    ],
    [
      99,
      0.00012
    ],
    [
      100,
      0.00013
    ],
    [
      101,
      0.00012
    ],
    [
      102,
      0.00012
    ],
    [
      103,
      0.00012
    ],
    [
      104,
      0.00012
    ],
    [
      105,
      0.00012
    ],
    [
      106,
      0.00012
    ],
    [
      107,
      0.00012
    ],
    [
      108,
      0.00011
    ],
    [
      109,
      0.00012
    ],
    [
      110,
      0.00012
    ],
    [
      111,
      0.00011
    ],
    [
      112,
      0.00012
    ],
    [
      113,
      0.00011
    ],
    [
      114,
      0.00013
    ],
    [
      115,
      0.00011
    ],
    [
      116,
      0.00011
    ],
    [
      117,
      0.00011
    ],
    [
      118,
      0.00011
    ],
    [
      119,
      0.00011
    ],
    [
      120,
      0.00011
    ],
    [
      121,
      0.00011
    ],
    [
      122,
      0.00011
    ],
    [
      123,
      0.00011
    ],
    [
      124,
      0.00011
    ],
    [
      125,
      0.00011
    ],
    [
      126,
      0.00011
    ],
    [
      127,
      0.00011
    ],
    [
      128,
      0.0001
    ],
    [
      129,
      0.0001
    ],
    [
      130,
      0.0001
    ],
    [
      131,
      0.0001
    ],
    [
      132,
      0.0001
    ],
    [
      133,
      9e-05
    ],
    [
      134,
      0.00011
    ],
    [
      135,
      0.0001
    ],
    [
      136,
      0.0001
    ],
    [
      137,
      0.0001
    ],
    [
      138,
      0.0001
    ],
    [
      139,
      9e-05
    ],
    [
      140,
      0.0001
    ],
    [
      141,
      0.0001
    ],
    [
      142,
      9e-05
    ],
    [
      143,
      9e-05
    ],
    [
      144,
      9e-05
    ],
    [
      145,
      9e-05
    ],
    [
      146,
      0.0001
    ],
    [
      147,
      9e-05
    ],
    [
      148,
      9e-05
    ],
    [
      149,
      9e-05
    ],
    [
      150,
      9e-05
    ],
    [
      151,
      8e-05
    ],
    [
      152,
      9e-05
    ],
    [
      153,
      9e-05
    ],
    [
      154,
      8e-05
    ],
    [
      155,
      9e-05
    ],
    [
      156,
      8e-05
    ],
    [
      157,
      8e-05
    ],
    [
      158,
      8e-05
    ],
    [
      159,
      8e-05
    ],
    [
      160,
      8e-05
    ],
    [
      161,
      8e-05
    ],
    [
      162,
      8e-05
    ],
    [
      163,
      9e-05
    ],
    [
      164,
      8e-05
    ],
    [
      165,
      8e-05
    ],
    [
      166,
      9e-05
    ],
    [
      167,
      9e-05
    ],
    [
      168,
      8e-05
    ],
    [
      169,
      8e-05
    ],
    [
      170,
      8e-05
    ],
    [
      171,
      8e-05
    ],
    [
      172,
      8e-05
    ],
    [
      173,
      8e-05
    ],
    [
      174,
      8e-05
    ],
    [
      175,
      8e-05
    ],
    [
      176,
      8e-05
    ],
    [
      177,
      8e-05
    ],
    [
      178,
      8e-05
    ],
    [
      179,
      8e-05
    ],
    [
      180,
      8e-05
    ],
    [
      181,
      8e-05
    ],
    [
      182,
      8e-05
    ],
    [
      183,
      8e-05
    ],
    [
      184,
      8e-05
    ],
    [
      185,
      8e-05
    ],
    [
      186,
      8e-05
    ],
    [
      187,
      8e-05
    ],
    [
      188,
      7e-05
    ],
    [
      189,
      7e-05
    ],
    [
      190,
      7e-05
    ],
    [
      191,
      8e-05
    ],
    [
      192,
      8e-05
    ],
    [
      193,
      7e-05
    ],
    [
      194,
      8e-05
    ],
    [
      195,
      7e-05
    ],
    [
      196,
      7e-05
    ],
    [
      197,
      8e-05
    ],
    [
      198,
      7e-05
    ],
    [
      199,
      7e-05
    ],
    [
      200,
      7e-05
    ]
  ],
  "lr": [
    [
      1,
      0.001
    ],
    [
      2,
      0.00099
    ],
    [
      3,
      0.00098
    ],
    [
      4,
      0.00097
    ],
    [
      5,
      0.00095
    ],
    [
      6,
      0.00094
    ],
    [
      7,
      0.00093
    ],
    [
      8,
      0.00092
    ],
    [
      9,
      0.00091
    ],
    [
      10,
      0.0009
    ],
    [
      11,
      0.00089
    ],
    [
      12,
      0.00088
    ],
    [
      13,
      0.00087
    ],
    [
      14,
      0.00086
    ],
    [
      15,
      0.00085
    ],
    [
      16,
      0.00084
    ],
    [
      17,
      0.00083
    ],
    [
      18,
      0.00082
    ],
    [
      19,
      0.00081
    ],
    [
      20,
      0.0008
    ],
    [
      21,
      0.00079
    ],
    [
      22,
      0.00079
    ],
    [
      23,
      0.00078
    ],
    [
      24,
      0.00077
    ],
    [
      25,
      0.00076
    ],
    [
      26,
      0.00075
    ],
    [
      27,
      0.00074
    ],
    [
      28,
      0.00073
    ],
    [
      29,
      0.00072
    ],
    [
      30,
      0.00072
    ],
    [
      31,
      0.00071
    ],
    [
      32,
      0.0007
    ],
    [
      33,
      0.00069
    ],
    [
      34,
      0.00068
    ],
    [
      35,
      0.00068
    ],
    [
      36,
      0.00067
    ],
    [
      37,
      0.00066
    ],
    [
      38,
      0.00065
    ],
    [
      39,
      0.00065
    ],
    [
      40,
      0.00064
    ],
    [
      41,
      0.00063
    ],
    [
      42,
      0.00062
    ],
    [
      43,
      0.00062
    ],
    [
      44,
      0.00061
    ],
    [
      45,
      0.0006
    ],
    [
      46,
      0.0006
    ],
    [
      47,
      0.00059
    ],
    [
      48,
      0.00058
    ],
    [
      49,
      0.00058
    ],
    [
      50,
      0.00057
    ],
    [
      51,
      0.00056
    ],
    [
      52,
      0.00056
    ],
    [
      53,
      0.00055
    ],
    [
      54,
      0.00054
    ],
    [
      55,
      0.00054
    ],
    [
      56,
      0.00053
    ],
    [
      57,
      0.00052
    ],
    [
      58,
      0.00052
    ],
    [
      59,
      0.00051
    ],
    [
      60,
      0.00051
    ],
    [
      61,
      0.0005
    ],
    [
      62,
      0.0005
    ],
    [
      63,
      0.00049
    ],
    [
      64,
      0.00048
    ],
    [
      65,
      0.00048
    ],
    [
      66,
      0.00047
    ],
    [
      67,
      0.00047
    ],
    [
      68,
      0.00046
    ],
    [
      69,
      0.00046
    ],
    [
      70,
      0.00045
    ],
    [
      71,
      0.00045
    ],
    [
      72,
      0.00044
    ],
    [
      73,
      0.00044
    ],
    [
      74,
      0.00043
    ],
    [
      75,
      0.00043
    ],
    [
      76,
      0.00042
    ],
    [
      77,
      0.00042
    ],
    [
      78,
      0.00041
    ],
    [
      79,
      0.00041
    ],
    [
      80,
      0.0004
    ],
    [
      81,
      0.0004
    ],
    [
      82,
      0.00039
    ],
    [
      83,
      0.00039
    ],
    [
      84,
      0.00038
    ],
    [
      85,
      0.00038
    ],
    [
      86,
      0.00038
    ],
    [
      87,
      0.00037
    ],
    [
      88,
      0.00037
    ],
    [
      89,
      0.00036
    ],
    [
      90,
      0.00036
    ],
    [
      91,
      0.00035
    ],
    [
      92,
      0.00035
    ],
    [
      93,
      0.00035
    ],
    [
      94,
      0.00034
    ],
    [
      95,
      0.00034
    ],
    [
      96,
      0.00033
    ],
    [
      97,
      0.00033
    ],
    [
      98,
      0.00033
    ],
    [
      99,
      0.00032
    ],
    [
      100,
      0.00032
    ],
    [
      101,
      0.00032
    ],
    [
      102,
      0.00031
    ],
    [
      103,
      0.00031
    ],
    [
      104,
      0.00031
    ],
    [
      105,
      0.0003
    ],
    [
      106,
      0.0003
    ],
    [
      107,
      0.0003
    ],
    [
      108,
      0.00029
    ],
    [
      109,
      0.00029
    ],
    [
      110,
      0.00029
    ],
    [
      111,
      0.00028
    ],
    [
      112,
      0.00028
    ],
    [
      113,
      0.00028
    ],
    [
      114,
      0.00027
    ],
    [
      115,
      0.00027
    ],
    [
      116,
      0.00027
    ],
    [
      117,
      0.00026
    ],
    [
      118,
      0.00026
    ],
    [
      119,
      0.00026
    ],
    [
      120,
      0.00025
    ],
    [
      121,
      0.00025
    ],
    [
      122,
      0.00025
    ],
    [
      123,
      0.00025
    ],
    [
      124,
      0.00024
    ],
    [
      125,
      0.00024
    ],
    [
      126,
      0.00024
    ],
    [
      127,
      0.00023
    ],
    [
      128,
      0.00023
    ],
    [
      129,
      0.00023
    ],
    [
      130,
      0.00023
    ],
    [
      131,
      0.00022
    ],
    [
      132,
      0.00022
    ],
    [
      133,
      0.00022
    ],
    [
      134,
      0.00022
    ],
    [
      135,
      0.00021
    ],
    [
      136,
      0.00021
    ],
    [
      137,
      0.00021
    ],
    [
      138,
      0.00021
    ],
    [
      139,
      0.0002
    ],
    [
      140,
      0.0002
    ],
    [
      141,
      0.0002
    ],
    [
      142,
      0.0002
    ],
    [
      143,
      0.00019
    ],
    [
      144,
      0.00019
    ],
    [
      145,
      0.00019
    ],
    [
      146,
      0.00019
    ],
    [
      147,
      0.00019
    ],
    [
      148,
      0.00018
    ],
    [
      149,
      0.00018
    ],
    [
      150,
      0.00018
    ],
    [
      151,
      0.00018
    ],
    [
      152,
      0.00018
    ],
    [
      153,
      0.00017
    ],
    [
      154,
      0.00017
    ],
    [
      155,
      0.00017
    ],
    [
      156,
      0.00017
    ],
    [
      157,
      0.00017
    ],
    [
      158,
      0.00016
    ],
    [
      159,
      0.00016
    ],
    [
      160,
      0.00016
    ],
    [
      161,
      0.00016
    ],
    [
      162,
      0.00016
    ],
    [
      163,
      0.00015
    ],
    [
      164,
      0.00015
    ],
    [
      165,
      0.00015
    ],
    [
      166,
      0.00015
    ],
    [
      167,
      0.00015
    ],
    [
      168,
      0.00015
    ],
    [
      169,
      0.00014
    ],
    [
      170,
      0.00014
    ],
    [
      171,
      0.00014
    ],
    [
      172,
      0.00014
    ],
    [
      173,
      0.00014
    ],
    [
      174,
      0.00014
    ],
    [
      175,
      0.00013
    ],
    [
      176,
      0.00013
    ],
    [
      177,
      0.00013
    ],
    [
      178,
      0.00013
    ],
    [
      179,
      0.00013
    ],
    [
      180,
      0.00013
    ],
    [
      181,
      0.00013
    ],
    [
      182,
      0.00012
    ],
    [
      183,
      0.00012
    ],
    [
      184,
      0.00012
    ],
    [
      185,
      0.00012
    ],
    [
      186,
      0.00012
    ],
    [
      187,
      0.00012
    ],
    [
      188,
      0.00012
    ],
    [
      189,
      0.00011
    ],
    [
      190,
      0.00011
    ],
    [
      191,
      0.00011
    ],
    [
      192,
      0.00011
    ],
    [
      193,
      0.00011
    ],
    [
      194,
      0.00011
    ],
    [
      195,
      0.00011
    ],
    [
      196,
      0.00011
    ],
    [
      197,
      0.0001
    ],
    [
      198,
      0.0001
    ],
    [
      199,
      0.0001
    ],
    [
      200,
      0.0001
    ]
  ],
  "val_acc": [
    [
      10,
      0.90909
    ],
    [
      20,
      0.90909
    ],
    [
      30,
      0.90909
    ],
    [
      40,
      0.90909
    ],
    [
      50,
      0.90909
    ],
    [
      60,
      0.90909
    ],
    [
      70,
      0.90909
    ],
    [
      80,
      0.90909
    ],
    [
      90,
      0.90909
    ],
    [
      100,
      0.90909
    ],
    [
      110,
      0.90909
    ],
    [
      120,
      0.90909
    ],
    [
      130,
      0.90909
    ],
    [
      140,
      0.90909
    ],
    [
      150,
      0.90909
    ],
    [
      160,
      0.90909
    ],
    [
      170,
      0.90909
    ],
    [
      180,
      0.90909
    ],
    [
      190,
      0.90909
    ],
    [
      200,
      0.90909
    ]
  ],
  "val_acc_Cola": [
    [
      10,
      0.90909
    ],
    [
      20,
      0.90909
    ],
    [
      30,
      0.90909
    ],
    [
      40,
      0.90909
    ],
    [
      50,
      0.90909
    ],
    [
      60,
      0.90909
    ],
    [
      70,
      0.90909
    ],
    [
      80,
      0.90909
    ],
    [
      90,
      0.90909
    ],
    [
      100,
      0.90909
    ],
    [
      110,
      0.90909
    ],
    [
      120,
      0.90909
    ],
    [
      130,
      0.90909
    ],
    [
      140,
      0.90909
    ],
    [
      150,
      0.90909
    ],
    [
      160,
      0.90909
    ],
    [
      170,
      0.90909
    ],
    [
      180,
      0.90909
    ],
    [
      190,
      0.90909
    ],
    [
      200,
      0.90909
    ]
  ],
  "val_acc_LockLock": [
    [
      10,
      0.90909
    ],
    [
      20,
      0.90909
    ],
    [
      30,
      0.90909
    ],
    [
      40,
      0.90909
    ],
    [
      50,
      0.90909
    ],
    [
      60,
      0.90909
    ],
    [
      70,
      0.90909
    ],
    [
      80,
      0.90909
    ],
    [
      90,
      0.90909
    ],
    [
      100,
      0.90909
    ],
    [
      110,
      0.90909
    ],
    [
      120,
      0.90909
    ],
    [
      130,
      0.90909
    ],
    [
      140,
      0.90909
    ],
    [
      150,
      0.90909
    ],
    [
      160,
      0.90909
    ],
    [
      170,
      0.90909
    ],
    [
      180,
      0.90909
    ],
    [
      190,
      0.90909
    ],
    [
      200,
      0.90909
    ]
  ],
  "mean": 123.5,
  "std": 58.395,
  "label_type": "detection",
  "data_type": "image",
  "labels": [
    "Cola",
    "LockLock"
  ],
  "best_eval": {
    "epoch": 200,
    "val_acc": 0.909,
    "val_info": [
      {
        "name": "4e7b421d4c9c4929be685b63b7684e71.jpg",
        "nickname": " (1690).jpg",
        "pred": [
          [
            197,
            40,
            251,
            129,
            0.9388031363487244,
            0.0
          ],
          [
            303,
            40,
            355,
            129,
            0.9676167368888855,
            0.0
          ],
          [
            0,
            24,
            188,
            137,
            0.9606457352638245,
            1.0
          ]
        ],
        "gt": [
          [
            202,
            35,
            254,
            128,
            1.0,
            0.0
          ],
          [
            301,
            40,
            350,
            129,
            1.0,
            0.0
          ],
          [
            0,
            27,
            187,
            128,
            1.0,
            1.0
          ]
        ],
        "ok": true
      },
      {
        "name": "00dc0eb806474722b3c70f68cfe77016.jpg",
        "nickname": " (1819).jpg",
        "pred": [
          [
            15,
            221,
            64,
            300,
            0.9644562005996704,
            0.0
          ],
          [
            275,
            228,
            321,
            307,
            0.9480940699577332,
            0.0
          ],
          [
            72,
            214,
            267,
            313,
            0.6137033104896545,
            1.0
          ]
        ],
        "gt": [
          [
            17,
            217,
            59,
            298,
            1.0,
            0.0
          ],
          [
            278,
            230,
            320,
            310,
            1.0,
            0.0
          ],
          [
            73,
            207,
            271,
            318,
            1.0,
            1.0
          ]
        ],
        "ok": true
      },
      {
        "name": "d55b2a3bd8c749d19d6f323fb5133450.jpg",
        "nickname": " (1821).jpg",
        "pred": [
          [
            34,
            261,
            80,
            337,
            0.9369415640830994,
            0.0
          ],
          [
            296,
            270,
            341,
            351,
            0.6682727932929993,
            0.0
          ],
          [
            96,
            249,
            293,
            358,
            0.9776144027709961,
            1.0
          ]
        ],
        "gt": [
          [
            35,
            260,
            78,
            336,
            1.0,
            0.0
          ],
          [
            291,
            272,
            342,
            354,
            1.0,
            0.0
          ],
          [
            92,
            250,
            286,
            354,
            1.0,
            1.0
          ]
        ],
        "ok": true
      },
      {
        "name": "3a5ab66d837a4aebab3a29dcd42a5f27.jpg",
        "nickname": " (1326).jpg",
        "pred": [],
        "gt": [
          [
            41,
            53,
            281,
            161,
            1.0,
            1.0
          ]
        ],
        "ok": false
      },
      {
        "name": "1cecae01be9a4982aca9322e93b88b7a.jpg",
        "nickname": " (1606).jpg",
        "pred": [],
        "gt": [
          [
            80,
            97,
            340,
            218,
            1.0,
            1.0
          ]
        ],
        "ok": false
      }
    ]
  }
}